"pastweek_1","pastweek_2","pastweek_3","circumstances","source","fw_g","stock_freq_1","stock_hs_1","stock_hs_2","stock_hs_3","stock_hs_4","meal_freq._1","meal_hs_1","meal_hs_2","meal_hs_3","meal_hs_4","snack_freq_1","snack_hs_1","snack_hs_2","snack_hs_3","snack_hs_4","share_freq_1","share_hs_1","share_hs_2","share_hs_3","share_hs_4","age","gender","comments","id","condition","used_tape","hh_size","time","hs_stock","hs_meal","hs_snack","hs_share","tape_use","tape_frequency","tape_help","tape_opinion","tape_comments","fw_g_diff"
"5","4","1","Nee","2",386,70,3,3,5,5,88,5,6,5,5,45,3,4,3,1,75,5,6,6,6,"19","1","Ik heb de zak afval zonder afvalbakje gewogen",1,"intervention",1,4,0,4,5.25,2.75,5.75,NA,NA,NA,NA,NA,NA
"7","7","7","Nee","2",359,65,5,6,6,2,83,3,3,6,3,34,2,3,3,2,43,2,3,3,2,NA,NA,"",1,"intervention",1,4,1,4.75,3.75,2.5,2.5,NA,NA,NA,NA,NA,-27
"7","4","3",NA,NA,NA,60,3,3,5,3,73,5,3,5,6,31,3,3,2,2,36,3,2,3,5,NA,NA,"",1,"intervention",NA,4,3,3.5,4.75,2.5,3.25,"Aan het einde van de week heb ik de tape geplakt op producten die beperkt houdbaar waren. Dit is meestal ook de dag dat ik boodschappen doe, dus dan ben ik sowieso al bewust bezig met welke producten ik nog heb.","1 keer per week","Deels, ik doe vaak boodschappen waarbij ik plan om wat wanneer te eten, dus gooi meestal niet veel weg. Dit heeft me wel bewuster gemaakt met producten die ik minder vaak gebruik. Huisgenoten zijn deze tape niet gaan gebruiken. Met de producten die tape hadden probeerde ik als eerst een maaltijd mee te maken","Ik vond het nuttig, omdat het meer overzicht creeert, het kost alleen even wat tijd, maar als je de houdbaarheid toch aan het checken bent, is een tapeje erop plakken niet veel extra moeite","",NA
"3","2","1","Ik was een dag minder thuis dan normaal waardoor ik maar 1 keer heb gekookt zelf","2",365,NA,5,5,5,5,82,6,6,6,5,78,6,5,6,5,75,6,6,6,6,"18","1","",2,"intervention",1,5,0,5,5.75,5.5,6,NA,NA,NA,NA,NA,NA
"0","0","0","Ik was ziek","2",0,23,5,6,6,5,9,4,4,4,4,15,4,4,6,4,93,4,4,2,4,NA,NA,"",2,"intervention",1,5,1,5.5,4,4.5,3.5,NA,NA,NA,NA,NA,-365
"4","3","3","","2",18,65,6,6,5,6,85,7,7,6,7,92,6,6,6,6,95,6,6,5,6,NA,NA,"",2,"intervention",1,5,2,5.75,6.75,6,5.75,NA,NA,NA,NA,NA,18
"4","3","2",NA,NA,NA,99,7,6,6,6,98,6,6,7,6,100,7,6,6,5,100,6,6,6,7,NA,NA,"",2,"intervention",NA,5,3,6.25,6.25,6,6.25,"Tape geplakt op koelkast plank en alles wat kort houdbaar is daarin gelegd","Ik laat de tape er op zitten en leg elke week de spullen die bijna over datum zijn erin dus veel gebruikt","Tape helpt goed herinneren en niks vergeten","Goeie","",NA
"5","7","7","Ja, mijn huisgenoot had teveel eieren gekocht voordat ze op vakantie ging en die heb ik niet opgekregen en dus weggegooid (3 stuks, gekookt) ","1",924,71,5,5,4,5,100,7,7,5,7,99,3,3,2,3,0,2,2,5,2,"24","1","",3,"control",NA,2,0,4.75,6.5,2.75,2.75,NA,NA,NA,NA,NA,NA
"5","5","5","","1",102,94,6,6,7,6,100,6,5,6,3,23,3,3,5,2,24,3,3,6,5,NA,NA,"",3,"control",NA,2,1,6.25,5,3.25,4.25,NA,NA,NA,NA,NA,-822
"5","5","5","","2",259,93,6,6,6,6,100,6,6,5,3,84,3,3,3,3,21,3,3,3,2,NA,NA,"",3,"control",NA,2,2,6,5,3,2.75,NA,NA,NA,NA,NA,157
"4","4","4",NA,NA,NA,89,6,7,6,6,97,5,5,6,4,62,2,2,2,2,85,3,3,3,3,NA,NA,"",3,"control",NA,2,3,6.25,5,2,3,"","","","","",NA
"5","3","2","","2",0,66,6,6,4,3,96,7,7,6,5,81,6,5,5,6,0,5,4,2,6,"19","1","",4,"intervention",0,5,0,4.75,6.25,5.5,4.25,NA,NA,NA,NA,NA,NA
"5","3","3","nee","2",0,88,7,6,6,7,86,7,5,6,6,73,4,4,3,3,0,3,2,2,2,NA,NA,"",4,"intervention",0,5,1,6.5,6,3.5,2.25,NA,NA,NA,NA,NA,0
"5","3","4","","2",0,66,6,5,5,6,100,7,7,7,7,100,7,7,3,5,55,3,2,2,4,NA,NA,"",4,"intervention",0,5,2,5.5,7,5.5,2.75,NA,NA,NA,NA,NA,0
"1","0","0",NA,NA,NA,83,5,6,5,2,100,7,5,3,7,100,4,6,4,6,58,2,2,2,3,NA,NA,"",4,"intervention",NA,5,3,4.5,5.5,5,2.25,"Ik heb de tape nietgebruikt, omdat ik altijd al heel goed op let en weet wat er in mijn koelkast ligt en wat op moet, daar heb ik die tape niet volr nodig.","Niet gebruikt. ","Niet gebruijt","Voor grote gezinnen lijkt het me een nuttig middel, om zo het overzicht te bewaren van wat eerst op moet, maar voor eenpersoonshuishoudens denk ik dat de meeste wel weten wat ze hebben luggen en dit weinig toevoegt.","",NA
"5","6","3","","1",968,NA,3,4,5,3,NA,7,6,5,7,NA,4,3,3,5,100,6,5,4,5,"22","2","",5,"intervention",0,10,0,3.75,6.25,3.75,5,NA,NA,NA,NA,NA,NA
"4","4","3","Veel mensen waren weg","1",438,60,7,6,4,5,NA,7,6,6,5,73,6,6,6,6,84,6,5,4,2,NA,NA,"",5,"intervention",0,10,1,5.5,6,6,4.25,NA,NA,NA,NA,NA,-530
"7","6","6","","1",550,100,5,6,7,6,100,5,6,7,6,100,6,6,6,4,100,3,4,4,5,NA,NA,"",5,"intervention",0,10,2,6,6,5.5,4,NA,NA,NA,NA,NA,112
"5","5","4",NA,NA,NA,88,5,4,5,6,83,5,4,6,6,100,4,7,6,4,100,7,6,7,6,NA,NA,"",5,"intervention",NA,10,3,5,5.25,5.25,6.5,"De tape is weinig gebruikt omdat hij snel kwijt was geraakt ","6 keer","Eerder producten met tape Etten ","Makkelijk te gebruiken maar wel snel vergeten ","",NA
"5","4","1","","1",165,77,6,6,6,6,100,5,5,4,3,100,7,3,3,1,0,1,1,1,1,"19","2","",6,"control",NA,6,0,6,4.25,3.5,1,NA,NA,NA,NA,NA,NA
"5","3","1","","2",60,NA,7,6,6,2,100,7,5,6,5,79,5,3,4,4,100,6,6,6,6,NA,NA,"",6,"control",NA,6,1,5.25,5.75,4,6,NA,NA,NA,NA,NA,-105
"5","4","4","","2",81,33,6,5,5,2,100,6,3,5,5,100,6,6,5,3,100,5,6,5,3,NA,NA,"",6,"control",NA,6,2,4.5,4.75,5,4.75,NA,NA,NA,NA,NA,21
"0","0","7",NA,NA,NA,100,6,5,6,5,85,6,5,5,5,49,7,6,6,5,72,3,3,3,2,NA,NA,"",6,"control",NA,6,3,5.5,5.25,6,2.75,"","","","","",NA
"5","5","4","Nee","1",180,75,4,4,5,4,100,7,6,6,5,100,7,6,6,4,88,6,5,6,5,"25","1","",7,"control",NA,3,0,4.25,6,5.75,5.5,NA,NA,NA,NA,NA,NA
"4","4","4","Twee keer bezoek gehad die kwamen eten","1",619,94,6,6,5,6,76,5,5,5,5,57,4,4,4,4,66,5,5,4,4,NA,NA,"",7,"control",NA,3,1,5.75,5,4,4.5,NA,NA,NA,NA,NA,439
"5","5","4","Nee","1",177,61,6,6,6,6,67,6,6,6,4,59,6,6,6,6,46,4,4,4,3,NA,NA,"Nee",7,"control",NA,3,2,6,5.5,6,3.75,NA,NA,NA,NA,NA,-442
"4","3","3",NA,NA,NA,76,6,6,6,4,84,6,6,6,6,56,4,4,4,5,76,5,5,5,4,NA,NA,"",7,"control",NA,3,3,5.5,6,4.25,4.75,"","","","","",NA
"3","3","3","2 daagse steden trip en 2 dagen thuis thuis, waardoor ik niet thuis was","1",0,84,6,6,6,6,0,6,6,6,6,0,6,6,6,6,0,2,3,2,2,"20","1","",8,"control",NA,6,0,6,6,6,2.25,NA,NA,NA,NA,NA,NA
"7","7","5","Een bord eten op de grond laten vallen en heb ik daardoor weg moeten gooien. ","1",457,75,6,6,6,6,79,6,6,6,6,23,5,5,5,5,18,3,3,3,3,NA,NA,"",8,"control",NA,6,1,6,6,5,3,NA,NA,NA,NA,NA,457
"5","5","4","Veel samen gegeten ","1",0,51,6,6,6,6,NA,6,6,6,6,58,6,6,6,6,NA,4,4,4,4,NA,NA,"",8,"control",NA,6,2,6,6,6,4,NA,NA,NA,NA,NA,-457
"1","1","1",NA,NA,NA,16,6,6,6,6,10,6,6,6,6,78,6,6,6,6,37,3,3,3,3,NA,NA,".",8,"control",NA,6,3,6,6,6,3,"","","","","",NA
"7","7","5","Nee","1",184,62,6,6,5,7,100,7,3,4,4,60,1,1,2,3,68,2,5,4,5,"19","1","",9,"intervention",1,9,0,6,4.5,1.75,4,NA,NA,NA,NA,NA,NA
"7","5","5","","1",214,100,6,2,6,4,79,6,3,5,4,15,2,2,3,2,NA,6,6,5,6,NA,NA,"",9,"intervention",1,9,1,4.5,4.5,2.25,5.75,NA,NA,NA,NA,NA,30
"7","3","7","","1",147,100,6,6,6,6,100,5,4,6,5,80,3,4,5,5,12,4,3,3,4,NA,NA,"",9,"intervention",1,9,2,6,5,4.25,3.5,NA,NA,NA,NA,NA,-67
"7","7","7",NA,NA,NA,100,6,7,7,7,100,6,6,7,7,89,5,4,5,6,24,5,3,4,3,NA,NA,"Nee. Ik vone het een nuttig onderzoek",9,"intervention",NA,9,3,6.75,6.5,5,3.75,"Ik gebruikte het een periode om een zij schap van de koelkast  mee af te tapen voor producten die open waren. Daarnaast gebruik ik het nog steeds als een product echt bijna aan de houdbaarheidsdatum zit of er uitziet alsof je het bijna moet weggooien.  Ik gebruik de tape niet op groente etc, omdat ik die automatisch goed in de gaten hou. Dus enkel op producten die al open zijn, zoals blikjes, pakken enof vis/beleg producten. Ik hoef het niet veel te gebruiken want ben al efficiënter met de producten checken en houdbaarheid bijhouden.","Iets minder sinds dat ik hem heb gekregen, omdat het vaker niet nodig is en omdat ik nu ook al beter door heb welke producten eerst op moeten en heb niet noodzakelijk de tape meer voor nodig om me te eraan te herinneren.","Ja. Zeker in het begin om bewuster mijn producten te checken op houdbaarheid. De producten die tape hebben, vallen automatisch meer op en probeer ik dan het eerst te verwerken in gerechten.","Ja zeker bij mensen die nog niet bewust zijn van de houdbaarheid van hun producten. Ook al lukt het niet altijd alsnog het voor houdbaarheid te nuttigen, je bent er meer bewust van en let beter op voordat je nieuwe producten gaat aanschaffen. Tape is makkelijk te gebruiken.  Enkel plakt hij niet zo goed als een product een beetje vochtig is door de lucht in de koelkast.","Nee naast dat hij soms minder goed blijft plakken.",NA
"6","5","3","","2",180,74,6,6,6,6,100,6,5,6,5,79,6,3,3,5,22,2,2,2,2,"18","1","",10,"control",NA,5,0,6,5.5,4.25,2,NA,NA,NA,NA,NA,NA
"5","3","2","","1",243,78,6,6,6,4,80,6,5,5,4,NA,6,6,5,4,NA,2,2,2,2,NA,NA,"",10,"control",NA,5,1,5.5,5,5.25,2,NA,NA,NA,NA,NA,63
"4","3","3","","1",268,100,5,5,5,6,95,5,4,3,5,79,6,6,5,6,8,2,2,2,2,NA,NA,"",10,"control",NA,5,2,5.25,4.25,5.75,2,NA,NA,NA,NA,NA,25
"5","4","4",NA,NA,NA,88,6,5,6,6,80,6,5,5,6,24,5,4,4,5,0,3,3,3,3,NA,NA,"",10,"control",NA,5,3,5.75,5.5,4.5,3,"","","","","",NA
"6","2","5","we wilden de paprika van een vriend van mij gebruiken tijdens het koken maar die was beschimmeld dus er zat een hele paprika in die niet van mij was :_)","1",340,100,7,7,7,4,99,7,6,6,5,71,5,4,5,3,100,7,6,7,5,"18","4","ik zou het woord 'geslacht' bij die ene vraag in 'gender' veranderen ",11,"control",NA,24,0,6.25,6,4.25,6.25,NA,NA,NA,NA,NA,NA
"7","4","3","ik was ziek dus misschien waren mijn eetgewoontes wat veranderd","1",508,77,2,2,3,4,100,7,5,6,5,76,6,6,5,6,62,6,6,7,6,NA,NA,"",11,"control",NA,24,1,2.75,5.75,5.75,6.25,NA,NA,NA,NA,NA,168
"5","1","1","Ik was jarig en heb voor zestien man gekookt","2",275,100,7,7,7,7,100,7,7,6,7,100,7,7,6,7,100,7,7,7,6,NA,NA,"",11,"control",NA,24,2,7,6.75,6.75,6.75,NA,NA,NA,NA,NA,-233
"4","3","6",NA,NA,NA,100,7,7,7,7,100,6,6,6,7,58,5,6,5,6,100,7,6,7,5,NA,NA,"",11,"control",NA,24,3,7,6.25,5.5,6.25,"","","","","",NA
"5","2","5","","2",16,100,7,7,7,7,100,7,7,7,7,100,7,7,7,7,0,1,1,1,1,"22","1","ik heb de afvalbak niet meegewogen, enkel de vuilniszak met inhoud. ",12,"control",NA,5,0,7,7,7,1,NA,NA,NA,NA,NA,NA
"6","6","1","het was een chaotische week met veel op & neer reizen","2",0,100,7,7,7,7,100,7,7,7,7,100,7,7,7,7,80,7,6,7,5,NA,NA,"",12,"control",NA,5,1,7,7,7,6.25,NA,NA,NA,NA,NA,-16
"7","7","1","ik was thuis en niet op mijn kamer","2",50,100,7,7,7,7,100,7,7,7,7,100,6,6,6,6,0,1,1,1,1,NA,NA,"er stonden wat tegenstrijdige dingen op het instructiepapier die meegegeven werden: compost is afval maar schillen, etc. niet terwijl je zou denken dat dat compost is. ",12,"control",NA,5,2,7,7,6,1,NA,NA,NA,NA,NA,50
"7","7","0",NA,NA,NA,100,7,7,7,7,100,7,7,7,7,100,7,7,7,7,0,1,1,1,1,NA,NA,"n.v.t.",12,"control",NA,5,3,7,7,7,1,"","","","","",NA
"7","7","4","Nee","2",334,29,3,3,3,2,78,5,5,6,6,76,5,5,5,5,NA,6,5,6,4,"21","1","",13,"control",NA,5,0,2.75,5.5,5,5.25,NA,NA,NA,NA,NA,NA
"5","4","2","","2",243,19,5,5,4,4,45,3,4,4,4,74,5,5,5,5,67,5,6,6,6,NA,NA,"",13,"control",NA,5,1,4.5,3.75,5,5.75,NA,NA,NA,NA,NA,-91
"7","6","4","","2",0,30,2,2,3,2,98,5,6,5,5,NA,3,3,3,3,61,6,6,5,6,NA,NA,"",13,"control",NA,5,2,2.25,5.25,3,5.75,NA,NA,NA,NA,NA,-243
"5","5","3",NA,NA,NA,26,3,3,4,3,64,5,6,5,6,37,3,3,4,4,66,6,5,6,6,NA,NA,"",13,"control",NA,5,3,3.25,5.5,3.5,5.75,"","","","","",NA
"5","3","3","tomaat en stuk komkommer van week ervoor vergeten en niet meer goed","2",210,79,6,6,5,4,64,6,5,6,3,90,6,3,5,2,0,3,2,3,4,"20","3","",14,"control",NA,11,0,5.25,5,4,3,NA,NA,NA,NA,NA,NA
"6","2","2","","2",363,94,6,7,5,5,92,6,5,5,3,100,5,5,3,3,3,3,3,3,2,NA,NA,"",14,"control",NA,11,1,5.75,4.75,4,2.75,NA,NA,NA,NA,NA,153
"5","3","3","","2",25,100,6,7,6,6,100,7,5,3,3,80,5,5,3,1,5,1,1,2,1,NA,NA,"",14,"control",NA,11,2,6.25,4.5,3.5,1.25,NA,NA,NA,NA,NA,-338
"6","6","5","Ik had één persoon te logeren, dus ik heb vaak eten gemaakt voor 2 personen.","2",21,84,6,6,3,5,84,6,4,3,3,92,6,5,6,5,13,1,2,3,1,"20","1","Leuk onderzoek en maakt je bewust van je gewoontes!",15,"control",NA,8,0,5,4,5.5,1.75,NA,NA,NA,NA,NA,NA
"5","3","3","","2",74,73,6,5,5,4,93,6,5,5,5,65,6,5,3,5,16,2,3,1,2,NA,NA,"",15,"control",NA,8,1,5,5.25,4.75,2,NA,NA,NA,NA,NA,53
"5","4","3","Mijn brood dat ik de vorige week had gekocht was helemaal beschimmeld, omdat ik geen ruimte in de vriezer had en alleen maar had gehoopt en gebeden dat het nog goed zou zijn deze week (maar da was nie) en toen moest ik bijna het hele brood weggooien :’(","2",665,82,6,6,5,5,100,6,5,5,6,93,6,5,5,5,0,3,2,2,3,NA,NA,"",15,"control",NA,8,2,5.5,5.5,5.25,2.5,NA,NA,NA,NA,NA,591
"2","1","1",NA,NA,NA,74,6,6,5,5,98,6,5,5,4,98,6,6,5,5,0,2,1,3,2,NA,NA,"Interessant onderzoek, benieuwd naar de resultaten!",15,"control",NA,8,3,5.5,5,5.5,2,"","","","","",NA
"4","4","4","Nee","1",120,55,3,2,3,4,92,5,5,3,3,62,5,5,3,5,78,6,6,6,6,"27","1","Nee hoor:)",16,"control",NA,3,0,3,4,4.5,6,NA,NA,NA,NA,NA,NA
"5","4","4","Nee","1",94,57,5,3,3,2,94,5,4,3,4,66,5,3,3,5,79,6,5,5,5,NA,NA,"",16,"control",NA,3,1,3.25,4,4,5.25,NA,NA,NA,NA,NA,-26
"6","5","7","Ik moet speciaal en strict dieet nemen wegens darm beschadiging","2",9,NA,5,5,5,5,73,5,5,5,6,0,4,4,4,4,100,7,7,7,7,NA,NA,"Mijn stricte dieet heeft vrij veel in mijn eet gewoontes veranderd doordat ik nu exacte gewichten moet afwegen en bijna niks meer mag qua eten. Dus alles wat over is geef ik nu standaard weg. maar het is dus wel anders nu",16,"control",NA,3,2,5,5.25,4,7,NA,NA,NA,NA,NA,-85
"0","0","4",NA,NA,NA,6,5,5,5,5,100,6,5,5,6,71,4,5,5,4,74,6,6,6,6,NA,NA,"Ik was de week weg in het buitenland. Maar daar heb ik dan sommige dingen op betrokken in de vragen nu ",16,"control",NA,3,3,5,5.5,4.5,6,"","","","","",NA
"5","3","3","Ik heb mijn koelkast uitgeruimd waardoor ik een aantal beschimmelde dingen weg moest gooien","2",1801,66,3,6,4,4,75,5,4,1,4,85,6,4,4,4,100,6,5,4,4,"19","1","",17,"control",NA,3,0,4.25,3.5,4.5,4.75,NA,NA,NA,NA,NA,NA
"4","2","2","","2",2786,7,3,3,1,1,73,6,5,4,3,64,2,2,2,2,63,3,3,4,3,NA,NA,"",17,"control",NA,3,1,2,4.5,2,3.25,NA,NA,NA,NA,NA,985
"3","1","1","Opruimen van koelkast","2",2418,67,5,5,4,2,NA,5,4,4,3,72,2,2,2,1,66,3,5,5,4,NA,NA,"",17,"control",NA,3,2,4,4,1.75,4.25,NA,NA,NA,NA,NA,-368
"5","5","3",NA,NA,NA,66,3,3,3,3,88,6,5,4,3,72,5,3,6,4,84,3,6,4,5,NA,NA,"",17,"control",NA,3,3,3,4.5,4.5,4.5,"","","","","",NA
"5","2","1","","2",236,12,2,2,2,2,100,5,3,2,1,75,5,4,4,5,48,2,2,2,2,"22","1","",18,"intervention",NA,6,0,2,2.75,4.5,2,NA,NA,NA,NA,NA,NA
"7","6","6","","2",180,100,5,6,6,4,88,6,6,4,4,100,6,6,6,5,0,1,1,1,1,"19","1","",19,"intervention",1,4,0,5.25,5,5.75,1,NA,NA,NA,NA,NA,NA
"5","5","5","","1",83,78,6,6,6,6,100,5,6,6,5,84,6,6,6,6,8,1,2,2,1,NA,NA,"",19,"intervention",1,4,1,6,5.5,6,1.5,NA,NA,NA,NA,NA,-97
"3","3","3","","2",33,100,6,6,5,6,100,7,7,7,5,64,4,5,6,5,0,1,1,1,1,NA,NA,"",19,"intervention",1,4,2,5.75,6.5,5,1,NA,NA,NA,NA,NA,-50
"7","7","6",NA,NA,NA,83,5,4,3,5,97,6,6,7,5,81,7,7,6,6,0,1,1,1,1,NA,NA,"",19,"intervention",NA,4,3,4.25,6,6.5,1,"Ik gebruikte de tape als ik van hetzelfde product meerdere items had met verschillende data. Hierdoor pakte ik altijd de juiste ","Ik ben hem steeds meer gaan gebruiken, en doe vaak elke week 1 check ronde","Ja het zorgde voor minder verspilling","Ja het werkt wel makkelijk, en het helpt met het verminderen doordat ik ‘fifo’ eet","",NA
"7","7","6","","2",291,100,7,7,7,6,100,6,4,3,4,86,6,5,6,4,79,4,3,5,3,"22","2","",20,"control",NA,12,0,6.75,4.25,5.25,3.75,NA,NA,NA,NA,NA,NA
"7","7","5","Naja, 'n bak kwark van twee weken terug was niet meer goed wat voor nogal veel gewicht zorgt","2",828,93,6,6,6,6,78,6,5,6,4,62,5,5,4,5,28,4,4,4,3,NA,NA,"",20,"control",NA,12,1,6,5.25,4.75,3.75,NA,NA,NA,NA,NA,537
"6","4","2","Ik heb relatief weinig gegeten ivm stress (dus ook minder weggegooid).","2",102,70,5,5,5,2,43,5,5,5,3,61,5,5,5,4,22,3,3,4,3,NA,NA,"",20,"control",NA,12,2,4.25,4.5,4.75,3.25,NA,NA,NA,NA,NA,-726
"2","1","1","Stedentripje waardoor ik niet de hele week thuis was, en ik had iets over de datum in de koelkast staan wat weg moest","1",136,100,7,7,6,7,92,6,6,5,4,81,6,5,6,4,96,4,4,5,4,"19","1","",21,"control",NA,3,0,6.75,5.25,5.25,4.25,NA,NA,NA,NA,NA,NA
"5","3","3","","1",166,75,6,5,5,5,63,6,5,5,5,65,6,6,5,6,54,4,4,4,4,NA,NA,"",21,"control",NA,3,1,5.25,5.25,5.75,4,NA,NA,NA,NA,NA,30
"0","0","0","Ik was niet thuis","2",0,0,6,6,5,5,0,5,5,5,5,55,6,6,6,6,78,6,5,6,6,NA,NA,"",21,"control",NA,3,2,5.5,5,6,5.75,NA,NA,NA,NA,NA,-166
"5","1","1",NA,NA,NA,86,6,6,6,6,100,6,6,6,6,76,5,5,4,5,100,5,5,5,4,NA,NA,"",21,"control",NA,3,3,6,6,4.75,4.75,"","","","","",NA
"5","1","1","","2",18,77,5,4,5,4,100,7,7,7,7,100,7,6,6,5,100,6,6,6,6,"20","1","",22,"intervention",1,3,0,4.5,7,6,6,NA,NA,NA,NA,NA,NA
"5","2","1","","2",141,76,5,5,5,4,75,6,4,5,3,75,6,6,6,5,21,4,4,4,4,NA,NA,"",22,"intervention",1,3,1,4.75,4.5,5.75,4,NA,NA,NA,NA,NA,123
"5","4","4","","2",17,85,6,6,6,6,80,6,5,5,5,77,5,5,5,6,NA,5,4,5,4,NA,NA,"",22,"intervention",1,3,2,6,5.25,5.25,4.5,NA,NA,NA,NA,NA,-124
"6","2","1",NA,NA,NA,84,6,6,6,5,100,6,6,6,6,88,6,6,6,6,63,5,5,6,5,NA,NA,"",22,"intervention",NA,3,3,5.75,6,6,5.25,"Ik heb de tape gebruikt in het begin wanneer ik dingen wegzet in de koelkast. Ik merkte alleen dat ik het niet in mijn routine kreeg, dus heb ik de tape niet vaker gebruikt.","Ik heb de tape in het begin 2 keer in de week gebruikt. Daarna ben ik hem minder gaan gebruiken.","Het heeft me niet per se geholpen, aangezien ik me al heel bewust was van welke producten in mijn koelkast eerst op moeten. Daarnaast zijn mijn huisgenoten niet betrokken. De producten waar ik de tape op had geplakt heb ik op een creatieve manier verwerkt in mijn eten.","Ik denk dat voor de meeste mensen de tape goed kan werken als je moeilijk overzicht kan krijgen van wat je in je koelkast hebt. De tape is daarnaast ook makkelijk te gebruiken.","",NA
"5","5","5","Nee","1",97,91,6,6,6,6,90,6,6,6,6,82,6,6,6,6,100,6,5,5,6,"19","1","",23,"intervention",0,5,0,6,6,6,5.5,NA,NA,NA,NA,NA,NA
"7","6","7","Nee","1",29,100,7,7,7,7,76,6,6,6,6,89,6,6,6,6,84,6,5,5,6,NA,NA,"",23,"intervention",0,5,1,7,6,6,5.5,NA,NA,NA,NA,NA,-68
"7","6","6","","1",17,95,6,6,6,6,93,6,6,6,5,89,6,6,6,6,86,5,6,5,6,NA,NA,"",23,"intervention",0,5,2,6,5.75,6,5.5,NA,NA,NA,NA,NA,-12
"7","6","6",NA,NA,NA,100,6,6,6,6,86,6,6,6,6,100,6,6,6,6,85,6,6,6,6,NA,NA,"",23,"intervention",NA,5,3,6,6,6,6,"0x, want ik heb ook weer niet zoveel spullen die snel over de datum gaan ","0,","Nee","Vond het wel handig, maar had te weinig spullen om het echt te gebruiken","",NA
"6","4","2","","2",126,48,4,4,4,4,88,6,6,6,6,55,5,5,6,4,33,2,3,3,3,"20","1","",24,"control",NA,8,0,4,6,5,2.75,NA,NA,NA,NA,NA,NA
"7","4","2","","2",0,32,4,3,3,4,NA,5,4,3,3,72,5,5,5,6,24,2,3,3,3,NA,NA,"",24,"control",NA,8,1,3.5,3.75,5.25,2.75,NA,NA,NA,NA,NA,-126
"5","3","2","","2",29,50,4,5,4,4,64,5,5,5,5,62,4,4,3,4,8,2,3,3,2,NA,NA,"",24,"control",NA,8,2,4.25,5,3.75,2.5,NA,NA,NA,NA,NA,29
"4","3","2",NA,NA,NA,36,4,4,4,3,63,4,4,5,4,61,5,4,5,5,25,2,2,2,3,NA,NA,"",24,"control",NA,8,3,3.75,4.25,4.75,2.25,"","","","","",NA
"5","4","3","Nvt","2",179,78,5,2,2,3,68,2,2,5,2,88,6,2,6,6,79,7,5,6,2,"21","2","",25,"intervention",1,3,0,3,2.75,5,5,NA,NA,NA,NA,NA,NA
"5","3","2","","2",430,62,2,2,2,6,49,5,2,2,3,76,7,6,6,6,77,5,6,6,2,NA,NA,"",25,"intervention",1,3,1,3,3,6.25,4.75,NA,NA,NA,NA,NA,251
"5","3","3","Nee","2",317,40,3,4,2,2,98,6,2,6,6,50,5,2,3,4,100,6,6,5,3,NA,NA,"",25,"intervention",1,3,2,2.75,5,3.5,5,NA,NA,NA,NA,NA,-113
"7","5","4",NA,NA,NA,69,6,3,3,5,79,7,3,6,5,91,7,6,6,5,94,7,6,6,7,NA,NA,"",25,"intervention",NA,3,3,4.25,5.25,6,6.5,"Gebruikte de tape voornamelijk nadat ik boodschappen had gedaan, met het vullen van de koelkast. Ging goed in de routine, wel laatste paar dagen minder gedaan, had vaker haast voor een volgende lecture of dergelijke.","Heb de tape denk ik zo'n 10 keer gebruikt, na het boodschappen doen. Afgelopen week wel maar 1 a 2 keer uit mn hoofd","Denk dat de tape goed was als geheugensteuntje om te controleren, maar ik koop vaak met het doel om diezelfde dag eten nog ermee te koken dus heeft wellicht niet zoveem toegevoegd als t zou kunnen als ik weekboodschappen zou doen.
Huisgenoten waren niet echt betrokken met de tape, een enkele keer nog vraag gehad of ik een bepaald product nog zelf ging gebruiken of niet.","Denk dat het goed is voor bewustwording, maar zolang je dagelijks boodschappen doet en geen grote weekboodschappen voegt het niet super veel toe. Tale is goed te gebruiken.","",NA
"7","4","3","","2",824,76,5,5,6,4,82,6,5,6,5,26,2,6,4,5,85,6,2,5,2,"24","2","",26,"control",NA,6,0,5,5.5,4.25,3.75,NA,NA,NA,NA,NA,NA
"6","5","2","","2",967,93,7,7,7,6,97,7,2,6,2,63,6,3,6,4,81,6,5,6,6,NA,NA,"",26,"control",NA,6,1,6.75,4.25,4.75,5.75,NA,NA,NA,NA,NA,143
"7","6","4","","2",832,84,6,5,6,5,100,7,7,7,5,76,3,2,4,3,72,6,6,5,6,NA,NA,"",26,"control",NA,6,2,5.5,6.5,3,5.75,NA,NA,NA,NA,NA,-135
"6","2","2","","2",0,81,7,6,6,3,100,6,5,6,5,76,6,6,5,4,0,2,1,1,1,"24","2","",27,"intervention",0,3,0,5.5,5.5,5.25,1.25,NA,NA,NA,NA,NA,NA
"6","3","3","","2",9,89,7,5,6,5,100,7,7,7,7,20,5,3,4,4,2,1,1,1,1,NA,NA,"",27,"intervention",0,3,1,5.75,7,4,1,NA,NA,NA,NA,NA,9
"7","3","3","","2",0,18,7,5,7,4,92,7,5,6,5,10,6,6,5,5,0,2,2,2,2,NA,NA,"",27,"intervention",0,3,2,5.75,5.75,5.5,2,NA,NA,NA,NA,NA,-9
"3","2","2",NA,NA,NA,86,7,7,6,5,99,7,7,3,3,88,7,7,5,4,16,2,2,2,2,NA,NA,"",27,"intervention",NA,3,3,6.25,5,5.75,2,"Uiteindelijk heb ik de tape niet gebruikt omdat ik van huis uit al opgevoed ben met het automatisme om de voedselproducten die als eerst op moeten, als eerst te eten. Dit gaat zowel om voedselproducten met een naderende houdbaarheidsdatum ofwel om producten die open zijn en daarmee beperkt houdbaar.","Ik vond het niet duurzaam om iets te gebruiken dat voor mij toch al enigszins overbodig is dus ben ik van plan om het door te geven aan iemand die er mogelijk meer profijt van kan hebben.","Eigenlijk heb ik niets aan de tape gehad.","Ik kan mij goed voorstellen dat voor mensen die minder goed paraat hebben welke producten bijna voorbij hun uiterste houdbaarheid zijn, deze tape erg nuttig is! Dan lijkt het me ook wel makkelijk te gebruiken","",NA
"5","5","5","Nee","1",295,0,2,2,2,2,100,7,7,7,7,0,2,2,2,2,NA,4,3,5,1,"20","1","",28,"intervention",0,12,0,2,7,2,3.25,NA,NA,NA,NA,NA,NA
"5","5","4","","1",299,80,6,6,6,6,100,6,6,6,6,75,6,6,6,6,32,4,2,2,2,NA,NA,"",28,"intervention",0,12,1,6,6,6,2.5,NA,NA,NA,NA,NA,4
"5","4","4","","1",253,100,7,6,7,5,78,6,5,5,4,83,5,4,4,4,64,2,2,2,2,NA,NA,"",28,"intervention",0,12,2,6.25,5,4.25,2,NA,NA,NA,NA,NA,-46
"7","6","6",NA,NA,NA,100,7,7,6,7,78,5,3,3,2,30,2,2,2,2,61,5,1,2,2,NA,NA,"",28,"intervention",NA,12,3,6.75,3.25,2,2.5,"Ik heb de tape niet gebruikt, omdat ik heel weinig houdbaar eten heb en dus goed overzicht heb over wat ik eerst moet opeten. Deze week woonde ik bij mijn vriend en die gooit sneller dingen weg, maar hier heb ik de tape helaas niet","0","De tape heeft mij niet geholpen","Ik vind de tape niet nuttig, omdat ik zelf al snel zie wat houdbaar is en niet","",NA
"7","4","4","","2",80,69,6,6,6,6,100,7,7,7,6,100,6,5,7,6,67,5,3,4,5,"21","2","",29,"control",NA,3,0,6,6.75,6,4.25,NA,NA,NA,NA,NA,NA
"4","4","4","Ik had een tgtg box met daarin 400 gram rodekool maar deze was al niet meer goed dus deze 400gr zit bij het gewicht in ","2",408,61,3,3,6,3,100,5,6,6,6,94,6,6,6,6,68,3,3,5,6,NA,NA,"",29,"control",NA,3,1,3.75,5.75,6,4.25,NA,NA,NA,NA,NA,328
"5","4","4","","2",365,100,6,6,6,6,100,6,6,6,5,100,6,6,6,6,67,2,3,2,3,NA,NA,"",29,"control",NA,3,2,6,5.75,6,2.5,NA,NA,NA,NA,NA,-43
"4","4","4",NA,NA,NA,85,6,6,5,6,100,3,3,3,3,100,6,6,5,6,58,2,2,2,2,NA,NA,"",29,"control",NA,3,3,5.75,3,5.75,2,"","","","","",NA
"5","4","4","","2",89,27,6,7,7,4,69,6,4,3,3,100,5,5,6,5,0,2,2,2,2,"19","1","",30,"control",NA,8,0,6,4,5.25,2,NA,NA,NA,NA,NA,NA
"5","5","5","","2",81,0,5,6,2,5,81,5,5,5,5,66,5,4,3,5,0,2,2,2,2,NA,NA,"",30,"control",NA,8,1,4.5,5,4.25,2,NA,NA,NA,NA,NA,-8
"4","4","3","","2",0,78,4,4,4,3,58,6,6,6,6,70,5,3,5,4,26,4,2,4,5,NA,NA,"",30,"control",NA,8,2,3.75,6,4.25,3.75,NA,NA,NA,NA,NA,-81
"4","4","4",NA,NA,NA,58,5,6,6,4,81,5,4,6,5,71,6,5,4,3,11,2,2,2,2,NA,NA,"",30,"control",NA,8,3,5.25,5,4.5,2,"","","","","",NA
"5","4","4","Nee","2",22,81,6,5,5,5,100,6,5,5,5,80,6,5,5,5,0,4,4,4,4,"19","1","",31,"control",NA,5,0,5.25,5.25,5.25,4,NA,NA,NA,NA,NA,NA
"5","4","3","","2",0,83,6,5,5,5,91,6,6,5,5,63,5,4,5,4,30,3,3,3,3,NA,NA,"",31,"control",NA,5,1,5.25,5.5,4.5,3,NA,NA,NA,NA,NA,-22
"4","3","3","","2",0,86,6,6,7,6,100,6,6,6,6,88,6,5,6,5,11,2,2,2,2,NA,NA,"",31,"control",NA,5,2,6.25,6,5.5,2,NA,NA,NA,NA,NA,0
"7","5","3",NA,NA,NA,76,5,5,5,5,89,6,5,5,5,77,5,4,4,5,69,3,3,3,3,NA,NA,"",31,"control",NA,5,3,5,5.25,4.5,3,"","","","","",NA
"7","3","3","","2",151,82,6,6,6,6,100,6,6,6,6,83,7,7,7,7,0,4,4,4,4,"22","1","",32,"intervention",0,3,0,6,6,7,4,NA,NA,NA,NA,NA,NA
"7","5","5","Het was alleen een stuk van komkommer","2",45,100,6,6,6,6,100,6,6,6,6,85,6,6,6,6,0,4,4,4,4,NA,NA,"",32,"intervention",0,3,1,6,6,6,4,NA,NA,NA,NA,NA,-106
"5","4","4","","2",18,100,7,6,6,6,100,7,6,6,6,100,6,6,6,6,0,4,4,4,4,NA,NA,"",32,"intervention",0,3,2,6.25,6.25,6,4,NA,NA,NA,NA,NA,-27
"3","3","3",NA,NA,NA,86,6,6,6,6,89,6,6,6,6,71,6,6,6,6,0,4,4,4,4,NA,NA,"",32,"intervention",NA,3,3,6,6,6,4,"Niet gebruikt, op m'n kamer gelegd en vergeten van het bestaan","0x gebruikt","Tape niet gebruikt","Kan wel handig zijn, als ik hem had gebruikt","",NA
"5","5","4","Nee","2",380,100,7,7,7,7,100,7,7,7,7,67,7,7,7,7,0,1,1,1,1,"19","2","",33,"control",NA,3,0,7,7,7,1,NA,NA,NA,NA,NA,NA
"5","4","4","","2",516,74,3,3,3,3,100,5,5,5,5,83,5,5,5,5,72,3,3,3,3,NA,NA,"",33,"control",NA,3,1,3,5,5,3,NA,NA,NA,NA,NA,136
"5","5","4","","2",729,73,6,6,6,6,77,6,6,6,6,70,5,6,6,6,76,6,6,6,6,NA,NA,"",33,"control",NA,3,2,6,6,5.75,6,NA,NA,NA,NA,NA,213
"5","4","4",NA,NA,NA,82,6,6,6,6,80,6,6,6,6,85,6,6,6,6,87,7,6,6,6,NA,NA,"",33,"control",NA,3,3,6,6,6,6.25,"","","","","",NA
"4","4","1","Veel practica tot laat, dus niet veel tijd","2",59,18,5,5,5,4,84,6,4,6,4,18,4,5,5,6,63,6,6,6,6,"18","1","",34,"intervention",0,3,0,4.75,5,5,6,NA,NA,NA,NA,NA,NA
"5","4","2","Nee","2",320,70,6,6,5,5,94,6,6,5,5,33,6,5,5,5,65,6,6,6,6,NA,NA,"",34,"intervention",0,3,1,5.5,5.5,5.25,6,NA,NA,NA,NA,NA,261
"3","2","1","Weinig thuis","2",19,100,6,6,6,6,82,5,5,5,4,16,5,5,5,5,100,6,6,6,6,NA,NA,"",34,"intervention",0,3,2,6,4.75,5,6,NA,NA,NA,NA,NA,-301
"4","3","3",NA,NA,NA,72,6,6,6,6,80,6,6,6,6,32,5,4,5,5,89,6,6,6,5,NA,NA,"",34,"intervention",NA,3,3,6,6,4.75,5.75,"Ik heb de tape niet gebruikt","Ik heb de tape niet gebruikt","Niet echt helaas","","",NA
"6","6","5","Nee","2",498,100,6,7,7,5,100,7,3,3,3,68,6,5,5,5,95,6,4,6,2,"21","1","",35,"control",NA,25,0,6.25,4,5.25,4.5,NA,NA,NA,NA,NA,NA
"6","4","3","Ben begonnen met mijn thesis dus zit de hele dag dingen op te eten waardoor ik mijn lunch beter kan plannen. ","2",884,90,6,6,6,6,87,6,6,6,6,90,6,6,6,6,83,6,6,7,5,NA,NA,"Had deze week alleen mijn lunch van vorige week weggegooid en twee broodjes die echt te oud waren geworden dus of het echt afval van deze week was, vind ik een beetje betwistbaar. ",35,"control",NA,25,1,6,6,6,6,NA,NA,NA,NA,NA,386
"4","3","3","Ik kookte voor een groep van 8 man wraps","2",243,77,6,6,6,7,79,6,7,6,5,78,5,5,6,4,75,5,6,6,5,NA,NA,"",35,"control",NA,25,2,6.25,6,5,5.5,NA,NA,NA,NA,NA,-641
"3","3","3",NA,NA,NA,72,5,4,5,5,84,6,6,6,6,83,6,6,5,6,76,6,5,5,4,NA,NA,"",35,"control",NA,25,3,4.75,6,5.75,5,"","","","","",NA
"7","5","3","Nee","2",74,100,6,6,6,5,100,6,5,4,5,90,6,6,5,6,100,4,4,4,5,"20","1","",36,"control",NA,15,0,5.75,5,5.75,4.25,NA,NA,NA,NA,NA,NA
"5","4","2","Nee","2",318,60,5,4,4,6,83,6,5,4,6,77,5,5,5,5,100,6,5,6,6,NA,NA,"",36,"control",NA,15,1,4.75,5.25,5,5.75,NA,NA,NA,NA,NA,244
"7","5","1","Nee","2",559,100,6,5,4,6,83,6,5,6,6,9,3,3,5,5,68,5,5,4,5,NA,NA,"",36,"control",NA,15,2,5.25,5.75,4,4.75,NA,NA,NA,NA,NA,241
"7","6","1",NA,NA,NA,100,7,7,6,7,100,6,6,6,7,62,6,6,6,6,100,5,4,5,6,NA,NA,"",36,"control",NA,15,3,6.75,6.25,6,5,"","","","","",NA
"7","4","3","Normaal ga ik elk weekend naar mijn ouders, dus eet ik niet thuis en gooi ik ook geen eten weg. Dit weekend bleef ik daarentegen thuis en heb ik gekookt en koekjes gebakken, waardoor ik wat eten heb moeten weggooien.","2",91,100,7,7,7,7,100,7,7,7,7,62,6,6,4,5,4,2,2,2,2,"19","1","",37,"intervention",0,6,0,7,7,5.25,2,NA,NA,NA,NA,NA,NA
"7","4","3","Nee","2",90,73,6,6,6,6,NA,7,7,7,7,76,6,6,6,6,0,1,1,1,1,NA,NA,"",37,"intervention",0,6,1,6,7,6,1,NA,NA,NA,NA,NA,-1
"4","0","0","Ik ben net verhuisd en heb nog niet ik mn nieuwe woning gekookt. Dit maakt dat de hoeveelheid dat ik heb weggegooid misschien relatief laag is","2",79,100,7,7,7,7,0,6,6,6,6,79,7,7,7,7,0,1,1,1,1,NA,NA,"Ik vind de vragen een beetje apart, aangezien je 4 keer hetzelfde vraagt, dat ik het doe 'zonder na te denken' of 'automatisch' doe betekent toch hetzelfde? Ben benieuwd wat de reden hierachter is",37,"intervention",0,6,2,7,6,7,1,NA,NA,NA,NA,NA,-11
"0","0","0",NA,NA,NA,95,7,7,7,7,6,7,7,7,7,96,7,7,7,7,0,1,1,1,1,NA,NA,"",37,"intervention",NA,6,3,7,7,7,1,"Ik heb de tape niet vaak gebruikt. Het past niet zo goed in mijn routine aangezien ik erg onregelmatig boodschappen haal en kook voor mijzelf. Ik heb weinig routine, dus denk ik er niet aan om de tape te gebruiken omdat ik het vergeet.","Ik heb aan het begin de tape wel gebruikt, maar sinds ik verhuisd ben (halverwege het onderzoekstraject) heb ik het niet meer gebruikt","Producten waar ik tape op plakte vielen meer op dan producten waar geen tape op zat. Maar uit mezelf let ik al erg veel op de houdbaarheid van voedsel. Daarom heeft de tape me niet perse geholpen met minder eten weggooien. Huisgenoten waren niet betrokken bij het gebruiken van de tape. ","Tape is makkelijk te gebruiken. Het is daarentegen wel echt van belang daarin routine te krijgen en voor mij en ik denk voor de meeste studenten is dat misschien erg lastig aangezien niets aan ons leven echt routine is. Ik denk daarentegen voor stabiele huishoudens zoals gezinnen dat dit tape nog best wel goed kan werken.","",NA
"5","4","4","Nee, het was een standaard week","2",13,36,3,5,3,4,87,6,6,5,5,100,6,6,6,6,87,5,6,3,4,"19","1","",38,"intervention",0,2,0,3.75,5.5,6,4.5,NA,NA,NA,NA,NA,NA
"6","4","4","Nee","2",119,64,3,5,4,4,83,6,5,5,5,100,6,7,6,5,79,5,6,5,6,NA,NA,"",38,"intervention",0,2,1,4,5.25,6,5.5,NA,NA,NA,NA,NA,106
"6","5","5","547","2",174,87,5,6,6,6,100,6,5,6,6,100,6,7,6,7,62,5,4,4,5,NA,NA,"",38,"intervention",0,2,2,5.75,5.75,6.5,4.5,NA,NA,NA,NA,NA,55
"6","4","4",NA,NA,NA,100,6,6,6,6,77,6,5,6,5,66,4,4,4,5,83,4,5,6,4,NA,NA,"",38,"intervention",NA,2,3,6,5.5,4.25,4.75,"ik heb de tape niet gebruikt, omdat ik vaak maar weinig producten in mijn koelkast of kast heb staan. Daardoor raakt eten niet vaak achter in de koelkast verstopt. ","Ik heb de tape 1 keer gebruikt aan het begin, maar ik merkte dus dat het voor mij weinig hielp en dat het moeilijk in mijn routine paste.","ik heb de tape maar 1 keer gebruik, toen plakte ik het op producten die echt binnen een dag of 2 niet meer te eten waren. Het ging vooral om restjes","voor mensen met een grote koelkast met veel spullen kan de tape zeker helpen om overzicht te bewaren denk ik.","",NA
"7","3","6","","2",0,66,5,6,7,6,100,7,6,5,6,100,7,7,7,7,100,5,5,4,4,"20","1","",39,"control",NA,5,0,6,6,7,4.5,NA,NA,NA,NA,NA,NA
"7","3","3","","2",214,65,6,6,6,6,100,7,7,7,7,86,6,5,5,6,85,4,4,4,5,NA,NA,"",39,"control",NA,5,1,6,7,5.5,4.25,NA,NA,NA,NA,NA,214
"7","5","4","","2",57,100,7,7,7,7,100,7,7,7,7,81,7,6,6,6,66,6,6,6,5,NA,NA,"",39,"control",NA,5,2,7,7,6.25,5.75,NA,NA,NA,NA,NA,-157
"1","1","1",NA,NA,NA,91,6,6,6,6,83,7,7,7,7,89,6,6,7,6,61,5,5,6,5,NA,NA,"",39,"control",NA,5,3,6,7,6.25,5.25,"","","","","",NA
"7","4","4","Nee","2",1271,81,6,6,6,4,100,7,5,5,7,100,5,5,3,4,100,7,6,3,5,"23","1","",40,"intervention",1,2,0,5.5,6,4.25,5.25,NA,NA,NA,NA,NA,NA
"6","6","6","nee","2",285,100,6,5,5,6,100,6,6,5,5,100,6,6,6,6,100,6,6,6,6,NA,NA,"",40,"intervention",1,2,1,5.5,5.5,6,6,NA,NA,NA,NA,NA,-986
"6","6","6","nee","2",50,100,6,6,5,5,100,6,6,6,6,100,5,6,6,6,100,6,6,6,6,NA,NA,"",40,"intervention",1,2,2,5.5,6,5.75,6,NA,NA,NA,NA,NA,-235
"2","2","2",NA,NA,NA,75,6,6,6,6,76,6,6,6,6,77,6,6,6,6,80,6,6,6,6,NA,NA,"",40,"intervention",NA,2,3,6,6,6,6,"Ik heb een plankje met tape beplakt, en het helpt wel met duidelijk de beperkt houdbare producten daar te plaatsen","het zit er nog steeds, alleen als je een kleine koelkast hebt kan het soms wegvallen","ik heb er wel iets aan gehad, maar zoals eerder gezegd niet heel handig voor een kleine koelkast aangezien die vaak vol staat","het is nuttig","",NA
"7","5","1","de voorraad kast is opgeruimd ","2",348,43,3,4,3,3,92,7,5,6,7,6,3,4,4,5,100,4,5,6,6,"18","1","",41,"intervention",1,6,0,3.25,6.25,4,5.25,NA,NA,NA,NA,NA,NA
"4","4","2","","2",53,65,3,3,2,3,71,6,5,4,4,60,2,4,6,3,100,6,5,4,5,NA,NA,"",41,"intervention",1,6,1,2.75,4.75,3.75,5,NA,NA,NA,NA,NA,-295
"3","3","2","","2",68,99,7,7,7,6,92,6,6,6,6,79,5,6,5,6,56,5,4,5,5,NA,NA,"",41,"intervention",1,6,2,6.75,6,5.5,4.75,NA,NA,NA,NA,NA,15
"3","3","1",NA,NA,NA,64,4,4,4,4,100,6,6,6,6,73,5,5,5,5,83,4,4,4,4,NA,NA,"",41,"intervention",NA,6,3,4,6,5,4,"Ik heb het tape op een schap van de koelkast geplakt. Zo hoef je niet steeds de producten te tapen en kan je de producten die op datum zijn erin zetten.","1x opgeplakt in de koelkast ","De tape heeft geholpen omdat er zo minder producten verstopt raken in de koelkast en minder snel over de datum gaan. ","Het is makkelijk omdat het goed plakt en opvalt ","",NA
"2","1","1","","2",229,62,6,5,6,3,79,6,4,5,6,94,5,6,6,4,0,2,1,2,1,"20","2","Ik ben deze week een aantal dagen thuisthuis geweest. Ik heb hier het onderzoek zoveel mogelijk proberen voort te zetten, dus bijvoorbeeld fruit heb ik gewoon meegenomen. Ik heb mijn ouders als mijn huisgenoten gebruikt (voor zover mogelijk), maar ik ben dus een aantal dagen niet op mijn kamer geweest. Ik heb hier alleen niks weg hoeven gooien, dus het heeft in die zin geen invloed gehad op de resultaten.",42,"control",NA,3,0,5,5.25,5.25,1.5,NA,NA,NA,NA,NA,NA
"5","4","4","","2",0,63,5,5,6,6,83,6,6,6,6,77,6,5,5,6,7,1,2,1,1,NA,NA,"",42,"control",NA,3,1,5.5,6,5.5,1.25,NA,NA,NA,NA,NA,-229
"5","4","4","","2",90,91,7,6,7,6,91,7,6,7,7,84,5,4,4,6,0,2,1,1,1,NA,NA,"",42,"control",NA,3,2,6.5,6.75,4.75,1.25,NA,NA,NA,NA,NA,90
"5","4","4",NA,NA,NA,82,6,7,6,6,91,7,6,7,7,93,6,7,5,5,7,1,2,3,1,NA,NA,"Succes met je verdere onderzoek! Ik vond het leuk om mee te doen en het heeft me zelf ook inzicht gegeven in mijn eetgewoontes en hoe ik beter om kan gaan met voedsel wat bijna over de datum is.",42,"control",NA,3,3,6.25,6.75,5.75,1.75,"","","","","",NA
"5","4","5","Ik heb meer buiten gegeten dan normaal.","2",82,95,5,6,7,6,100,7,6,7,6,74,6,6,6,6,75,5,4,4,4,"20","1","",43,"intervention",0,8,0,6,6.5,6,4.25,NA,NA,NA,NA,NA,NA
"5","5","4","","2",0,71,7,6,7,6,100,7,7,7,7,65,5,5,6,4,97,6,5,5,5,NA,NA,"",43,"intervention",0,8,1,6.5,7,5,5.25,NA,NA,NA,NA,NA,-82
"7","4","6","","2",105,70,5,4,5,5,100,7,7,7,7,62,5,5,5,5,70,4,3,3,3,NA,NA,"",43,"intervention",0,8,2,4.75,7,5,3.25,NA,NA,NA,NA,NA,105
"6","5","4",NA,NA,NA,89,7,7,7,7,100,7,7,7,7,60,5,5,5,5,57,5,5,5,4,NA,NA,"Ik vond het soms een beetje moeilijk de vragen over gewoonten te beantwoorden, omdat ik niet echt het verschil tussen de vier vragen heb verstaan.",43,"intervention",NA,8,3,7,7,5,4.75,"Ik heb de tape niet gebruikt omdat ik al vanzelf naar de houdbaarheid van producten kijk en deze eerst gebruik.","Heb hem nog niet gebruikt.","--","Voor mezelf vind ik hem niet nuttig, maar voor anderen die vergeten welk eten beperkt houdbaar is is hij misschien handig.","",NA
"7","7","1","Nee","2",36,11,1,1,1,5,100,6,3,4,5,31,5,5,5,5,0,1,1,1,1,"21","2","",44,"intervention",0,2,0,2,4.5,5,1,NA,NA,NA,NA,NA,NA
"7","7","1","Ja, meestal gooi ik geen eten weg, maar nu wel.","2",104,0,1,1,5,1,31,2,2,2,2,31,2,2,2,2,0,2,2,2,2,NA,NA,"",44,"intervention",0,2,1,2,2,2,2,NA,NA,NA,NA,NA,68
"5","5","2","Nee","2",45,0,1,1,1,1,50,6,6,6,6,0,1,1,1,1,0,1,1,1,1,NA,NA,"",44,"intervention",0,2,2,1,6,1,1,NA,NA,NA,NA,NA,-59
"5","5","0",NA,NA,NA,0,1,1,1,1,0,7,7,7,7,50,7,7,7,7,0,1,1,1,1,NA,NA,"",44,"intervention",NA,2,3,1,7,7,1,"Ik ben er niet aan toe gekomen om het te gebruiken. Past niet in mijn routine. Ik besteed niet zoveel aandacht aan houdbaarheid van eten. ","Niet","N.v.t.","Ik denk dat het misschien meer iets is voor restaurants en dergelijken dan huishoudens. ","",NA
"5","5","1","Nee","1",136,NA,6,6,6,7,NA,5,5,5,4,85,6,6,6,5,100,6,4,5,6,"19","1","",45,"intervention",1,7,0,6.25,4.75,5.75,5.25,NA,NA,NA,NA,NA,NA
"5","5","1","","2",0,71,6,6,5,4,81,6,5,5,6,79,6,6,6,6,90,6,6,6,5,NA,NA,"De tape werkt goed ",45,"intervention",1,7,1,5.25,5.5,6,5.75,NA,NA,NA,NA,NA,-136
"5","5","2","","2",17,56,6,4,6,5,72,4,4,5,5,91,6,6,6,6,64,6,6,6,6,NA,NA,"",45,"intervention",1,7,2,5.25,4.5,6,6,NA,NA,NA,NA,NA,17
"4","4","2",NA,NA,NA,82,6,7,7,7,83,6,6,6,6,75,5,5,5,5,83,6,6,6,6,NA,NA,"",45,"intervention",NA,7,3,6.75,6,5,6,"Ik heb de tape gebruikt op producten die bijna over de datum waren of op dingen die ik dubbel had op wat als eerst op moet","Ik heb het niet heel vaak gebruikt maar wel een aantal keer. Ik ben het wel gaan gebruiken toen ik hem gekregen had","De tape heeft een beetje geholpen alleen deed ik automatisch al checken op dingen die eerst op moeten. Mijn huisgenoten weten van de tape af maar hebben het niet gebruikt","Ik denk dat het goed is voor veel mensen omdat ze er dan aan herrinert worden welk product eerst op moet en ik denk dat het helpt om kinderen te leren ernaar te kijken","",NA
"5","3","1","Ja ik kookte samen met een vriendin en zij had dus ook invloed op hoeveel er werd weggegooid","1",195,0,2,2,2,2,3,2,2,1,1,2,1,1,1,1,0,2,1,1,1,"19","1","",46,"intervention",NA,3,0,2,1.5,1,1.25,NA,NA,NA,NA,NA,NA
"6","2","2","opruimen koelkast","1",756,81,3,5,3,3,78,6,5,6,2,58,6,4,6,2,6,1,1,1,1,"18","3","",47,"intervention",NA,10,0,3.5,4.75,4.5,1,NA,NA,NA,NA,NA,NA
"5","2","5","Ik had eten in de gezamenlijke koelkast gezet, ik wilde het later gaan opeten maar de koelkast stond en het eten ook dus ik heb het uiteindelijk weggegooid.","1",615,67,5,5,4,6,100,6,4,3,3,77,5,4,3,4,100,5,4,4,3,"19","1","Nee",48,"intervention",0,26,0,5,4,4,4,NA,NA,NA,NA,NA,NA
"5","2","5","Nee","1",211,100,6,5,6,6,91,6,3,6,5,87,4,3,4,4,92,6,3,3,5,NA,NA,"",48,"intervention",0,26,1,5.75,5,3.75,4.25,NA,NA,NA,NA,NA,-404
"5","2","3","Nee","2",0,NA,6,6,6,6,96,6,6,6,6,81,6,6,6,6,88,6,4,4,4,NA,NA,"nee",48,"intervention",0,26,2,6,6,6,4.5,NA,NA,NA,NA,NA,-211
"0","0","0",NA,NA,NA,100,6,6,6,6,100,6,6,6,6,100,6,6,6,6,100,6,6,6,6,NA,NA,"Leuk onderzoek!",48,"intervention",NA,26,3,6,6,6,6,"Ik gebruik het nu niet meer maar ik heb het 1 keer gebruikt in de week dat je het gaf. Omdat ik al best automatisch check tot wanneer het goed is vergeet ik de tape erop te plakken maar heb ik het al in mijn hoofd","1 keer, ik heb niet heel veel dingen in mijn koelkast staan en ik kijk altijd even of ik het die avond moet eten of dat het langer er mag blijven staan. Met andere producten zoals fruit en groente is het wat onhandiger om er tape op te plakken en die gaan vaak sneller rotten dus soms moet ik dat weleens weggooien. Voor de rest is het wel een goed idee, maar ik vergeet het vaak om de tape erop te plakken.","Het heeft mij toen ik het gebruikte wel geholpen omdat het opvalt. Je pakt het sneller. Voor de rest waren er geen huisgenoten bij betrokken.","Het is wel nuttig en het is makkelijk om te gebruiken alleen voor groente of fruit is het wat lastiger. Ik vergat het alleen vaak dus dat was een beetje jammer.","Nee",NA
"7","6","5","Nee","2",0,100,7,7,7,7,100,7,7,7,7,100,7,7,7,7,0,1,1,1,1,"20","1","",49,"control",NA,13,0,7,7,7,1,NA,NA,NA,NA,NA,NA
"7","5","5","","2",0,100,7,7,7,7,100,7,7,7,7,81,7,7,6,6,63,3,3,3,3,NA,NA,"",49,"control",NA,13,1,7,7,6.5,3,NA,NA,NA,NA,NA,0
"5","4","4","Ik heb hele slechte aardbeien gekocht","2",97,100,7,7,7,7,88,7,7,7,7,85,7,7,7,7,16,2,2,2,2,NA,NA,"",49,"control",NA,13,2,7,7,7,2,NA,NA,NA,NA,NA,97
"7","7","7",NA,NA,NA,91,7,7,7,7,83,7,7,7,7,97,7,7,7,7,82,6,6,6,6,NA,NA,"",49,"control",NA,13,3,7,7,7,6,"","","","","",NA
"7","5","5","","2",282,17,4,6,6,3,66,5,5,4,5,70,3,3,4,3,0,3,4,5,2,"19","2","",50,"intervention",0,19,0,4.75,4.75,3.25,3.5,NA,NA,NA,NA,NA,NA
"5","4","4","","2",97,52,5,5,5,5,64,5,3,2,2,0,5,4,2,4,74,3,3,5,4,NA,NA,"",50,"intervention",0,19,1,5,3,3.75,3.75,NA,NA,NA,NA,NA,-185
"5","4","3","","2",77,NA,5,3,4,4,67,3,3,3,3,60,4,4,4,3,64,4,3,5,5,NA,NA,"",50,"intervention",0,19,2,4,3,3.75,4.25,NA,NA,NA,NA,NA,-20
"4","4","3",NA,NA,NA,32,6,4,4,4,70,6,2,4,4,47,4,4,4,4,68,5,5,5,5,NA,NA,"",50,"intervention",NA,19,3,4.5,4,4,5,"Ik heb het niet gebruikt, want ik er geen voordeel van in. Ik heb vaak ook maar weinig spullen waardoor ik wel overzicht kan houden.","niet","niet gebruikt","zinloos","",NA
"6","4","2","","2",96,66,6,5,6,5,100,7,7,7,7,100,7,6,7,7,100,7,7,7,7,"19","1","",51,"control",NA,5,0,5.5,7,6.75,7,NA,NA,NA,NA,NA,NA
"5","3","3","nee","2",125,84,6,7,7,7,100,7,6,6,7,100,7,7,7,7,100,7,5,7,6,NA,NA,"",51,"control",NA,5,1,6.75,6.5,7,6.25,NA,NA,NA,NA,NA,29
"6","3","2","","2",364,73,6,6,6,5,85,7,6,7,6,65,5,5,5,4,100,7,7,7,7,"23","1","",52,"intervention",0,5,0,5.75,6.5,4.75,7,NA,NA,NA,NA,NA,NA
"5","1","1","was heel veel op de uni studeren, dus dan nee je boterhammen mee die je niet weggooit, ipv bijvoorbeeld salade maken voor lunch als je thuis studeert","2",34,64,6,6,6,6,71,5,4,4,4,31,2,2,2,2,92,7,7,7,7,NA,NA,"",52,"intervention",0,5,1,6,4.25,2,7,NA,NA,NA,NA,NA,-330
"4","2","1","drukke week op uni, dus overdag weinig thuis ","2",79,18,3,2,3,2,62,5,5,4,5,7,2,2,2,3,90,7,6,5,3,NA,NA,"",52,"intervention",0,5,2,2.5,4.75,2.25,5.25,NA,NA,NA,NA,NA,45
"6","5","4","Ik had vaak tussen lectures en werk weinig tijd waardoor ik overhaast eette en meer weggooide omdat ik geen tijd had om het op te eten / in bakjes te doen","2",1590,NA,6,6,6,5,84,6,6,6,6,63,2,6,4,4,82,6,6,6,6,"24","1","",53,"control",NA,5,0,5.75,6,4,6,NA,NA,NA,NA,NA,NA
"2","2","2","","2",355,28,6,6,6,6,84,6,6,6,6,86,6,5,6,6,90,6,6,6,6,NA,NA,"",53,"control",NA,5,1,6,6,5.75,6,NA,NA,NA,NA,NA,-1235
"6","4","7","Nee","2",116,59,6,5,6,5,90,6,6,6,6,59,6,5,6,3,0,5,5,4,3,"23","1","",54,"control",NA,5,0,5.5,6,5,4.25,NA,NA,NA,NA,NA,NA
"6","3","5","Nee","2",109,34,6,6,5,4,78,7,7,6,6,67,6,6,6,5,60,4,5,5,4,NA,NA,"",54,"control",NA,5,1,5.25,6.5,5.75,4.5,NA,NA,NA,NA,NA,-7
"4","4","4","Nee","1",366,70,6,6,6,6,86,7,6,7,6,62,6,6,6,6,33,3,3,3,3,NA,NA,"",54,"control",NA,5,2,6,6.5,6,3,NA,NA,NA,NA,NA,257
"5","5","4","ik had veel restjes over die ik de afgelopen week gegeten heb","2",65,100,7,4,6,7,100,6,3,3,4,71,6,5,6,5,50,4,4,4,4,"20","1","",55,"control",NA,2,0,6,4,5.5,4,NA,NA,NA,NA,NA,NA
"4","4","3","","2",351,66,6,4,5,6,64,6,4,3,4,100,7,6,7,4,0,4,4,4,4,NA,NA,"ik ben verhuisd van een zelfstandige kamer naar een gang met veel huisgenoten. Er is echter geen interactie geweest wat betreft mijn etenspatroon en deze verandering",55,"control",NA,2,1,5.25,4.25,6,4,NA,NA,NA,NA,NA,286
"5","5","5","nee","2",341,100,7,3,7,5,79,5,5,6,6,100,6,6,6,6,85,4,5,4,5,NA,NA,"",55,"control",NA,2,2,5.5,5.5,6,4.5,NA,NA,NA,NA,NA,-10
"5","4","1","Nee","2",466,65,6,6,6,6,90,6,6,6,6,0,6,6,6,6,100,6,6,6,6,"21","1","",56,"intervention",1,5,0,6,6,6,6,NA,NA,NA,NA,NA,NA
"5","3","1","Nee","2",117,100,7,7,7,7,100,6,6,6,6,100,7,7,7,7,100,6,6,6,5,NA,NA,"",56,"intervention",1,5,1,7,6,7,5.75,NA,NA,NA,NA,NA,-349
"5","4","1","Nee","2",181,82,7,7,7,7,100,7,7,7,7,100,7,7,7,7,100,7,7,7,7,NA,NA,"",56,"intervention",1,5,2,7,7,7,7,NA,NA,NA,NA,NA,64
"7","5","3","Ik heb 2 keer een restje opgewarmd. Dat doe ik niet altijd.","2",155,81,6,6,5,6,0,7,6,5,3,80,5,3,3,5,100,5,6,3,5,"22","1","",57,"control",NA,7,0,5.75,5.25,4,4.75,NA,NA,NA,NA,NA,NA
"5","4","0","Een keer uit eten geweest, en was een weekendje weg naar vrienden toe, maar dat ben ik wel vaker, dus niet heel ongewoon.","2",46,96,6,6,6,6,88,6,5,4,5,96,5,3,5,5,76,3,3,3,4,NA,NA,"",57,"control",NA,7,1,6,5,4.5,3.25,NA,NA,NA,NA,NA,-109
"5","4","0","","2",0,89,7,6,6,7,100,7,7,5,5,100,5,5,5,7,85,5,5,5,5,NA,NA,"",57,"control",NA,7,2,6.5,6,5.5,5,NA,NA,NA,NA,NA,-46
"7","3","2","","2",197,80,5,5,3,2,100,5,5,6,5,78,5,5,5,5,27,2,2,2,2,"21","2","",58,"intervention",NA,4,0,3.75,5.25,5,2,NA,NA,NA,NA,NA,NA
"4","2","2","ik had een dispuutsweekend waardoor ik het weekend eigenlijk alleen thuis heb geslapen","2",20,12,2,2,2,2,64,5,2,5,5,66,4,2,3,4,18,5,5,5,2,NA,NA,"",58,"intervention",NA,4,1,2,4.25,3.25,4.25,NA,NA,NA,NA,NA,-177
"5","3","1","een lustrumreis waardoor ik het hele weekend weg was","2",0,31,5,5,6,4,63,5,4,5,5,77,6,6,5,4,1,4,4,4,4,NA,NA,"ik kon de afvalbak niet meer vinden, ik hoop dat iemand hem gewoon in de kast heeft gezet, maar deze week had ik niets weggegooid, vandaar dat ik 0 heb ingevuld",58,"intervention",NA,4,2,5,4.75,5.25,4,NA,NA,NA,NA,NA,-20
"2","2","1","Nee","2",0,23,2,3,2,2,75,3,2,5,5,0,3,3,3,3,84,6,6,6,2,"20","1","",59,"intervention",0,4,0,2.25,3.75,3,5,NA,NA,NA,NA,NA,NA
"1","1","0","Ik ben lang van huis geweest, waardoor restjes zijn weggegooid die te lang in de koelkast lagen door mijn afwezigheid thuis.","2",248,76,2,4,4,2,3,5,5,3,2,79,2,5,3,3,55,2,5,5,2,NA,NA,"Ik heb de tape één keer gebruikt op een restje, maar heb niet de mogelijkheid gehad om het aan huisgenoten te laten weten dat het gegeten mocht worden. Dit restje is later weggegooid in de GFT kliko",59,"intervention",0,4,1,3,3.75,3.25,3.5,NA,NA,NA,NA,NA,248
"7","2","0","Nee","2",80,64,4,4,4,4,100,6,6,6,6,76,6,5,5,6,100,5,5,5,5,NA,NA,"",59,"intervention",0,4,2,4,6,5.5,5,NA,NA,NA,NA,NA,-168
"7","4","6","Ik had die week ervoor net een grote koelkast opruiming gedaan. Normaal gooi ik wellicht meer weggedurende de week maar nu had ik dat die week ervoor al gedaan. ","1",96,92,6,4,5,5,96,5,3,4,2,74,3,3,3,4,100,5,5,3,3,"23","1","-",60,"intervention",NA,3,0,5,3.5,3.25,4,NA,NA,NA,NA,NA,NA
"6","5","3","","1",216,75,5,5,5,6,66,5,4,4,3,78,4,5,5,3,76,4,4,3,5,NA,NA,"",60,"intervention",NA,3,1,5.25,4,4.25,4,NA,NA,NA,NA,NA,120
"5","3","3","","2",375,0,1,1,1,1,100,6,6,4,1,49,6,5,5,4,0,1,5,3,1,"21","2","",61,"control",NA,6,0,1,4.25,5,2.5,NA,NA,NA,NA,NA,NA
"5","2","0","Eten dat over was van vrienden weekendje weg door grote hoeveelheid brood. ","2",1076,0,3,5,3,1,64,5,3,2,1,65,5,1,5,3,0,1,1,1,1,NA,NA,"",61,"control",NA,6,2,3,2.75,3.5,1,NA,NA,NA,NA,NA,701
"4","2","0","Veel niet thuis geweest en 2 keer uiteten, dat is niet standaard","2",0,24,5,4,3,5,59,3,3,4,3,57,3,3,3,3,74,6,6,6,6,"23","1","",62,"intervention",NA,4,0,4.25,3.25,3,6,NA,NA,NA,NA,NA,NA
"5","3","2","","2",297,62,3,3,2,3,42,5,3,5,4,47,3,3,3,3,84,6,6,6,6,NA,NA,"",62,"intervention",NA,4,1,2.75,4.25,3,6,NA,NA,NA,NA,NA,297
"5","3","1","Nee","1",111,71,5,5,5,1,77,5,2,3,2,100,6,6,6,4,100,7,7,7,6,"26","1","Doordat je er bewust mee bezig bent voor het weggooien denk je nog iets sneller na over wat je nog hebt liggen en anders weg moet",63,"intervention",1,10,0,4,3,5.5,6.75,NA,NA,NA,NA,NA,NA
"7","5","3","Opruimactie uit kastje van snacks ","2",326,84,5,5,6,4,100,4,2,2,5,88,6,2,4,2,100,7,5,7,6,NA,NA,"",63,"intervention",1,10,1,5,3.25,3.5,6.25,NA,NA,NA,NA,NA,215
